Workbook
Name Modifier: Table4[[#Headers],[Modifier]]

Sheet Dashboard
A1: Executive Loss Reserve Summary of State Farm | F1: Future Cost Predictor
A2: Line of Business: | B2: Passenger Auto | F2: Current Amount | G2: Current Year | H2: Model | I2: Modifier | J2: Calculation
A3: Evaluation Date: | B3: 35795 | F3: 14323 | G3: 33239 | H3: State Farm | I3: 0.05 | J3: =IF(NOT(OR( F3 = "", G3 = "", H3 = "", I3 = "")), IF(H3 = 'Dashboard-Lists'!E3, _xlfn.XLOOKUP(G3, Table3[State Farm Cumulative Loss Triangle], Table3[CDF]) * F3 * (1+ I3), _xlfn.XLOOKUP(G3, Table9[Industry Cumulative Loss Triangle], Table9[CDF])* F3* (1+I3)), "") -> 15172.292
A4: Total Cumulative Paid-To-Date | B4: ='Actuarial Triangle'!K3+ 'Actuarial Triangle'!J4 + 'Actuarial Triangle'!I5 +'Actuarial Triangle'!H6+'Actuarial Triangle'!G7+'Actuarial Triangle'!F8+'Actuarial Triangle'!E9+'Actuarial Triangle'!D10+'Actuarial Triangle'!C11+'Actuarial Triangle'!B12 -> 69719804
A5: Projected Ultimate Loss Cost | B5: =SUM('Actuarial Triangle'!M2:M11) -> 70961159
A9: Executive Loss Summary of Industry
A10: Line of Business: | B10: Passenger Auto
A11: Evaluation Date: | B11: 35795
A12: Total Cumulative Paid-To-Date | B12: ='Actuarial Triangle'!K23+'Actuarial Triangle'!J24+'Actuarial Triangle'!I25+'Actuarial Triangle'!H26+'Actuarial Triangle'!G27+'Actuarial Triangle'!F28+'Actuarial Triangle'!E29+'Actuarial Triangle'!D30+'Actuarial Triangle'!C31+'Actuarial Triangle'!B32 -> 90371614
A13: Projected Ultimate Loss Cost | B13: =SUM('Actuarial Triangle'!M23:M32) -> 1.0623529e+08

Sheet Dashboard-Lists
D2: Years | E2: Models
D3: 32143 | E3: State Farm
D4: 32509 | E4: Industry
D5: 32874
D6: 33239
D7: 33604
D8: 33970
D9: 34335
D10: 34700
D11: 35065
D12: 35431

Sheet Actuarial Triangle
A3: State Farm Cumulative Loss Triangle | B3: 12 | C3: 24 | D3: 36 | E3: 48 | F3: 60 | G3: 72 | H3: 84 | I3: 96 | J3: 108 | K3: 120 | L3: CDF | M3: Projected Ultimate Loss
A4: 32143 | B4: 2439272 | C4: 4722902 | D4: 5705646 | E4: 6238289 | F4: 6519491 | G4: 6677426 | H4: 6750431 | I4: 6787444 | J4: 6808809 | K4: 6815646 | L4: =(1+K17) -> 1 | M4: =K4 * L4 -> 6815646
A5: 32509 | B5: 2828267 | C5: 5368026 | D5: 6494597 | E5: 7096377 | F5: 7417869 | G5: 7575814 | H5: 7655217 | I5: 7693240 | J5: 7712077 | L5: =J18 -> 1.0010041 | M5: =J5*L5 -> 7719821
A6: 32874 | B6: 3186948 | C6: 5913490 | D6: 7140613 | E6: 7774615 | F6: 8096374 | G6: 8251086 | H6: 8325184 | I6: 8364955 | L6: =I18* L5 -> 1.0037832 | M6: =I6*L6 -> 8396601.1
A7: 33239 | B7: 3192619 | C7: 5878000 | D7: 7075254 | E7: 7698459 | F7: 7996404 | G7: 8140065 | H7: 8215810 | L7: =H18*L6 -> 1.008853 | M7: =H7*L7 -> 8288544.6
A8: 33604 | B8: 3561950 | C8: 6474291 | D8: 7763969 | E8: 8404713 | F8: 8716926 | G8: 8876813 | L8: =G18*L7 -> 1.0188035 | M8: =G8*L8 -> 9043728.1
A9: 33970 | B9: 3895076 | C9: 7024867 | D9: 8343417 | E9: 9003120 | F9: 9337099 | L9: =F18*L8 -> 1.0391585 | M9: =F9*L9 -> 9702725.8
A10: 34335 | B10: 4323103 | C10: 7590944 | D10: 8924062 | E10: 9640098 | L10: =E18* L9 -> 1.0811738 | M10: =E10*L10 -> 10422621
A11: 34700 | B11: 4491070 | C11: 7664190 | D11: 9006113 | L11: =D18* L10 -> 1.1738106 | M11: =D11*L11 -> 10571471
A12: 35065 | B12: 4444088 | C12: 7486113 | L12: =C18*L11 -> 1.4013778 | M12: =C12*L12 -> 10490872
A13: 35431 | B13: 4344144 | L13: =B18*L12 -> 2.5168729 | M13: =B13*L13 -> 10933658
A16: Maturity Interval | B16: 12 to 24 | C16: 24 to 36 | D16: 36 to 48 | E16: 48 to 60 | F16: 50 to 72 | G16: 72 to 84 | H16: 84 to 96 | I16: 96 to 108 | J16: 108 to 120 | K16: Modifier
A17: Model Indicated LDF | B17: =SUM(C4:C12)/SUM(B4:B12) -> 1.7959989 | C17: =SUM(D4:D11)/SUM(C4:C11) -> 1.1938704 | D17: =SUM(E4:E10)/SUM(D4:D10) -> 1.0856817 | E17: =SUM(F4:F9)/SUM(E4:E9) -> 1.040432 | F17: =SUM(G4:G8)/SUM(F4:F8) -> 1.0199793 | G17: =SUM(H4:H7)/SUM(G4:G7) -> 1.0098632 | H17: =SUM(I4:I6)/SUM(H4:H6) -> 1.0050507 | I17: =SUM(J4:J5)/SUM(I4:I5) -> 1.0027763 | J17: =SUM(K4)/SUM(J4:J4) -> 1.0010041 | K17: 0
A18: Selected LDF | B18: =B17*(1+ $K$17) -> 1.7959989 | C18: =C17*(1+ $K$17) -> 1.1938704 | D18: =D17*(1+ $K$17) -> 1.0856817 | E18: =E17*(1+ $K$17) -> 1.040432 | F18: =F17*(1+ $K$17) -> 1.0199793 | G18: =G17*(1+ $K$17) -> 1.0098632 | H18: =H17*(1+ $K$17) -> 1.0050507 | I18: =I17*(1+ $K$17) -> 1.0027763 | J18: =J17*(1+ $K$17) -> 1.0010041
A23: Industry Cumulative Loss Triangle | B23: 12 | C23: 24 | D23: 36 | E23: 48 | F23: 60 | G23: 72 | H23: 84 | I23: 96 | J23: 108 | K23: 120 | L23: CDF | M23: Projected Ultimate Loss
A24: 32143 | B24: 3092818 | C24: 5942711 | D24: 7239089 | E24: 7930109 | F24: 8318795 | G24: 8518201 | H24: 8610355 | I24: 8655509 | J24: 8682451 | K24: 8690036 | L24: =1+ K37 -> 1 | M24: =K24 -> 8690036
A25: 32509 | B25: 3556683 | C25: 6753435 | D25: 8219551 | E25: 9018288 | F25: 9441842 | G25: 9647917 | H25: 9753014 | I25: 9800477 | J25: 9823747 | L25: =J38 -> 1.0008736 | M25: =L25* J25 -> 9832329
A26: 32874 | B26: 4015052 | C26: 7478257 | D26: 9094949 | E26: 9945288 | F26: 10371175 | G26: 10575467 | H26: 10671988 | I26: 10728411 | L26: =L25*I38 -> 1.0035966 | M26: =L26*I26 -> 10766997
A27: 33239 | B27: 4065571 | C27: 7564284 | D27: 9161104 | E27: 10006407 | F27: 10419901 | G27: 10612083 | H27: 10713621 | L27: =L26*H38 -> 1.0087481 | M27: =L27*H27 -> 10807345
A28: 33604 | B28: 4551591 | C28: 8344021 | D28: 10047179 | E28: 10901995 | F28: 11336777 | G28: 11555121 | L28: =L27*G38 -> 1.0188811 | M28: =L28 *G28 -> 11773294
A29: 33970 | B29: 5020277 | C29: 9125734 | D29: 10890282 | E29: 11782219 | F29: 12249826 | L29: =L28*F38 -> 1.0397188 | M29: =L29*F29 -> 12736374
A30: 34335 | B30: 5569355 | C30: 9871002 | D30: 11641397 | E30: 12600432 | L30: =L29*E38 -> 1.0842851 | M30: =L30* E30 -> 13662461
A31: 34700 | B31: 5803124 | C31: 10008734 | D31: 11807279 | L31: =L30*D38 -> 1.1806403 | M31: =L31* D31 -> 13940149
A32: 35065 | B32: 5835368 | C32: 9900842 | L32: =L31*C38 -> 1.4166779 | M32: =L32*C32 -> 14026304
A33: 35431 | B33: 5754249 | L33: =L32*B38 -> 2.5592797 | M33: =L33*B33 -> 14726733
A36: Maturity Interval | B36: 12 to 24 | C36: 24 to 36 | D36: 36 to 48 | E36: 48 to 60 | F36: 50 to 72 | G36: 72 to 84 | H36: 84 to 96 | I36: 96 to 108 | J36: 108 to 120 | K36: Modifier
A37: Model Indicated LDF | B37: =SUM(C24:C32)/ SUM(B24:B32) -> 1.806536 | C37: =SUM(D24:D31)/SUM(C24:C31) -> 1.1999234 | D37: =SUM(E24:E30)/SUM(D24:D30) -> 1.0888652 | E37: =SUM(F24:F29)/SUM(E24:E29) -> 1.0428638 | F37: =SUM(G24:G28)/SUM(F24:F28) -> 1.0204516 | G37: =SUM(H24:H27)/SUM(G24:G27) -> 1.0100451 | H37: =SUM(I24:I26)/SUM(H24:H26) -> 1.0051331 | I37: =SUM(J24:J25)/SUM(I24:I25) -> 1.0027206 | J37: =K24/J24 -> 1.0008736 | K37: 0
A38: Selected LDF | B38: =B37 * (1+ $K$37) -> 1.806536 | C38: =C37 * (1+ $K$37) -> 1.1999234 | D38: =D37 * (1+ $K$37) -> 1.0888652 | E38: =E37 * (1+ $K$37) -> 1.0428638 | F38: =F37 * (1+ $K$37) -> 1.0204516 | G38: =G37 * (1+ $K$37) -> 1.0100451 | H38: =H37 * (1+ $K$37) -> 1.0051331 | I38: =I37 * (1+ $K$37) -> 1.0027206 | J38: =J37 * (1+ $K$37) -> 1.0008736
